{
  "deviceName": "12485",
  "deviceType": "DL-BLG",
  "attributes": {
    "lora_dev_eui": "0102030405060708",
    "protocol_version": 2
  },
  "telemetry": [{
    "ts": 1690901260493,
    "values": {
      "voltage_ratio": 0.006409406661987305,
      "thermistor_resistance": 115020.68221552655,
      "temperature": 22.028848392450755,
      "battery_voltage": 3.168,
      "lora_frame_counter": 3,
      "lora_frame_port": 1,
      "lora_frequency": 868300000,
      "lora_spreading_factor": 12
    }
  }]
}