{
  "deviceName": "782",
  "deviceType": "DL-SHT35-001",
  "attributes": {
    "lora_dev_eui": "0102030405060708",
    "protocol_version": 2
  },
  "telemetry": [{
    "ts": 1690901260493,
    "values": {
      "air_temperature": 23.787670710307466,
      "air_humidity": 47.536430914778364,
      "battery_voltage": 3.168,
      "lora_frame_counter": 3,
      "lora_frame_port": 1,
      "lora_frequency": 868300000,
      "lora_spreading_factor": 12
    }
  }]
}