{
  "deviceName": "980",
  "deviceType": "DL-KL66",
  "attributes": {
    "lora_dev_eui": "70B3D57BA000156B",
    "protocol_version": 2
  },
  "telemetry": [
    {
      "ts": 1732828102138,
      "values": {
        "counter_reading": 15350,
        "measurement_interval": 0.999969482421875,
        "frequency": 15350.468459120457,
        "weight": -47.5066896399347,
        "elongation": 0.6988257799379214,
        "strain": 10.588269392998809,
        "battery_voltage": 3.168,
        "lora_frame_counter": 26,
        "lora_frame_port": 1,
        "lora_frequency": 902500000,
        "lora_spreading_factor": 9,
        "lora_rssi": -114,
        "lora_snr": 4.75
      }
    }
  ]
}